"tablescraper-selected-row","tablescraper-selected-row href"
"分章閱讀 1","https://m.zashuwu.com/wen/2vFm/1.html"
"分章閱讀 2","https://m.zashuwu.com/wen/2vFm/2.html"
"分章閱讀 3","https://m.zashuwu.com/wen/2vFm/3.html"
"分章閱讀 4","https://m.zashuwu.com/wen/2vFm/4.html"
"分章閱讀 5","https://m.zashuwu.com/wen/2vFm/5.html"
"分章閱讀 6","https://m.zashuwu.com/wen/2vFm/6.html"
"分章閱讀 7","https://m.zashuwu.com/wen/2vFm/7.html"
"分章閱讀 8","https://m.zashuwu.com/wen/2vFm/8.html"
"分章閱讀 9","https://m.zashuwu.com/wen/2vFm/9.html"
"分章閱讀 10","https://m.zashuwu.com/wen/2vFm/10.html"
"分章閱讀 11","https://m.zashuwu.com/wen/2vFm/11.html"
"分章閱讀 12","https://m.zashuwu.com/wen/2vFm/12.html"
"分章閱讀 13","https://m.zashuwu.com/wen/2vFm/13.html"
"分章閱讀 14","https://m.zashuwu.com/wen/2vFm/14.html"
"分章閱讀 15","https://m.zashuwu.com/wen/2vFm/15.html"
"分章閱讀 16","https://m.zashuwu.com/wen/2vFm/16.html"
"分章閱讀 17","https://m.zashuwu.com/wen/2vFm/17.html"
"分章閱讀 18","https://m.zashuwu.com/wen/2vFm/18.html"
"分章閱讀 19","https://m.zashuwu.com/wen/2vFm/19.html"
"分章閱讀 20","https://m.zashuwu.com/wen/2vFm/20.html"
"分章閱讀 21","https://m.zashuwu.com/wen/2vFm/21.html"
"分章閱讀 22","https://m.zashuwu.com/wen/2vFm/22.html"
"分章閱讀 23","https://m.zashuwu.com/wen/2vFm/23.html"
"分章閱讀 24","https://m.zashuwu.com/wen/2vFm/24.html"
"","https://m.zashuwu.com/wen/2vFm/25.html"
"分章閱讀 26","https://m.zashuwu.com/wen/2vFm/26.html"
"分章閱讀 27","https://m.zashuwu.com/wen/2vFm/27.html"
"分章閱讀 28","https://m.zashuwu.com/wen/2vFm/28.html"
"分章閱讀 29","https://m.zashuwu.com/wen/2vFm/29.html"
"分章閱讀 30","https://m.zashuwu.com/wen/2vFm/30.html"
"分章閱讀 31","https://m.zashuwu.com/wen/2vFm/31.html"
"分章閱讀 32","https://m.zashuwu.com/wen/2vFm/32.html"
"分章閱讀 33","https://m.zashuwu.com/wen/2vFm/33.html"
"分章閱讀 34","https://m.zashuwu.com/wen/2vFm/34.html"
"分章閱讀 35","https://m.zashuwu.com/wen/2vFm/35.html"
"分章閱讀 36","https://m.zashuwu.com/wen/2vFm/36.html"
"分章閱讀 37","https://m.zashuwu.com/wen/2vFm/37.html"
"分章閱讀 38","https://m.zashuwu.com/wen/2vFm/38.html"
"分章閱讀 39","https://m.zashuwu.com/wen/2vFm/39.html"
"分章閱讀 40","https://m.zashuwu.com/wen/2vFm/40.html"
"分章閱讀 41","https://m.zashuwu.com/wen/2vFm/41.html"
"分章閱讀 42","https://m.zashuwu.com/wen/2vFm/42.html"
"分章閱讀 43","https://m.zashuwu.com/wen/2vFm/43.html"
"分章閱讀 44","https://m.zashuwu.com/wen/2vFm/44.html"
"分章閱讀 45","https://m.zashuwu.com/wen/2vFm/45.html"
"分章閱讀 46","https://m.zashuwu.com/wen/2vFm/46.html"
"分章閱讀 47","https://m.zashuwu.com/wen/2vFm/47.html"
"分章閱讀 48","https://m.zashuwu.com/wen/2vFm/48.html"
"分章閱讀 49","https://m.zashuwu.com/wen/2vFm/49.html"
"分章閱讀 50","https://m.zashuwu.com/wen/2vFm/50.html"
"分章閱讀 51","https://m.zashuwu.com/wen/2vFm/51.html"
"分章閱讀 52","https://m.zashuwu.com/wen/2vFm/52.html"
"分章閱讀 53","https://m.zashuwu.com/wen/2vFm/53.html"
"分章閱讀 54","https://m.zashuwu.com/wen/2vFm/54.html"
"分章閱讀 55","https://m.zashuwu.com/wen/2vFm/55.html"
"分章閱讀 56","https://m.zashuwu.com/wen/2vFm/56.html"
"分章閱讀 57","https://m.zashuwu.com/wen/2vFm/57.html"
"分章閱讀 58","https://m.zashuwu.com/wen/2vFm/58.html"
"分章閱讀 59","https://m.zashuwu.com/wen/2vFm/59.html"
"分章閱讀 60","https://m.zashuwu.com/wen/2vFm/60.html"
"分章閱讀 61","https://m.zashuwu.com/wen/2vFm/61.html"
"分章閱讀 62","https://m.zashuwu.com/wen/2vFm/62.html"
"分章閱讀 63","https://m.zashuwu.com/wen/2vFm/63.html"
"分章閱讀 64","https://m.zashuwu.com/wen/2vFm/64.html"
"分章閱讀 65","https://m.zashuwu.com/wen/2vFm/65.html"
"分章閱讀 66","https://m.zashuwu.com/wen/2vFm/66.html"
"分章閱讀 67","https://m.zashuwu.com/wen/2vFm/67.html"
"分章閱讀 68","https://m.zashuwu.com/wen/2vFm/68.html"
"分章閱讀 69","https://m.zashuwu.com/wen/2vFm/69.html"
"分章閱讀 70","https://m.zashuwu.com/wen/2vFm/70.html"
"分章閱讀 71","https://m.zashuwu.com/wen/2vFm/71.html"
"分章閱讀 72","https://m.zashuwu.com/wen/2vFm/72.html"
"分章閱讀 73","https://m.zashuwu.com/wen/2vFm/73.html"
"分章閱讀 74","https://m.zashuwu.com/wen/2vFm/74.html"
"分章閱讀 75","https://m.zashuwu.com/wen/2vFm/75.html"
"分章閱讀 76","https://m.zashuwu.com/wen/2vFm/76.html"
"分章閱讀 77","https://m.zashuwu.com/wen/2vFm/77.html"
"分章閱讀 78","https://m.zashuwu.com/wen/2vFm/78.html"
"分章閱讀 79","https://m.zashuwu.com/wen/2vFm/79.html"
"分章閱讀 80","https://m.zashuwu.com/wen/2vFm/80.html"
"分章閱讀 81","https://m.zashuwu.com/wen/2vFm/81.html"
"<雜書屋>分章閱讀 82","https://m.zashuwu.com/wen/2vFm/82.html"
"分章閱讀 83","https://m.zashuwu.com/wen/2vFm/83.html"
"分章閱讀 84","https://m.zashuwu.com/wen/2vFm/84.html"
"分章閱讀 85","https://m.zashuwu.com/wen/2vFm/85.html"
"分章閱讀 86","https://m.zashuwu.com/wen/2vFm/86.html"
"分章閱讀 87","https://m.zashuwu.com/wen/2vFm/87.html"
"分章閱讀 88","https://m.zashuwu.com/wen/2vFm/88.html"
"分章閱讀 89","https://m.zashuwu.com/wen/2vFm/89.html"
"分章閱讀 90","https://m.zashuwu.com/wen/2vFm/90.html"
"分章閱讀 91","https://m.zashuwu.com/wen/2vFm/91.html"
"分章閱讀 92","https://m.zashuwu.com/wen/2vFm/92.html"
"分章閱讀 93","https://m.zashuwu.com/wen/2vFm/93.html"
"分章閱讀 94","https://m.zashuwu.com/wen/2vFm/94.html"
"分章閱讀 95","https://m.zashuwu.com/wen/2vFm/95.html"
"分章閱讀 96","https://m.zashuwu.com/wen/2vFm/96.html"
"分章閱讀 97","https://m.zashuwu.com/wen/2vFm/97.html"
"分章閱讀 98","https://m.zashuwu.com/wen/2vFm/98.html"
"分章閱讀 99","https://m.zashuwu.com/wen/2vFm/99.html"
"分章閱讀 100<雜書屋>","https://m.zashuwu.com/wen/2vFm/100.html"
"分章閱讀 101","https://m.zashuwu.com/wen/2vFm/101.html"
"分章閱讀 102","https://m.zashuwu.com/wen/2vFm/102.html"
"分章閱讀 103","https://m.zashuwu.com/wen/2vFm/103.html"
"分章閱讀 104","https://m.zashuwu.com/wen/2vFm/104.html"
"分章閱讀 105","https://m.zashuwu.com/wen/2vFm/105.html"
"分章閱讀 106","https://m.zashuwu.com/wen/2vFm/106.html"
"分章閱讀 107","https://m.zashuwu.com/wen/2vFm/107.html"
"分章閱讀 108<雜書屋>","https://m.zashuwu.com/wen/2vFm/108.html"
"分章閱讀 109","https://m.zashuwu.com/wen/2vFm/109.html"
"分章閱讀 110","https://m.zashuwu.com/wen/2vFm/110.html"
"分章閱讀 111","https://m.zashuwu.com/wen/2vFm/111.html"
"分章閱讀 112","https://m.zashuwu.com/wen/2vFm/112.html"
"分章閱讀 113","https://m.zashuwu.com/wen/2vFm/113.html"
"分章閱讀 114","https://m.zashuwu.com/wen/2vFm/114.html"
"分章閱讀 115","https://m.zashuwu.com/wen/2vFm/115.html"
"分章閱讀 116","https://m.zashuwu.com/wen/2vFm/116.html"
"分章閱讀 117","https://m.zashuwu.com/wen/2vFm/117.html"
"分章閱讀 118","https://m.zashuwu.com/wen/2vFm/118.html"
"分章閱讀 119","https://m.zashuwu.com/wen/2vFm/119.html"
"分章閱讀 120","https://m.zashuwu.com/wen/2vFm/120.html"